Sekvenca;Model aminokiselina;Model dipeptida;Model tripeptida;Model ansambla;Model glasovanja;Model prosjeka;Metoda bez RNN-a
FFLYY;75,11;56,03;54,72;79,42;100,0;61,95;56,52
FFLYYKK;79,01;57,63;59,65;81,66;100,0;65,43;82,61
FNYFLQYYGYQNTG;81,23;61,95;61,96;90,61;100,0;68,38;75,36
FYFQYY;76,98;57,74;57,72;79,42;100,0;64,15;56,52
FYFQYYKK;79,58;59,03;60,69;82,69;100,0;66,43;56,52
FYFYY;74,6;56,32;54,42;78,67;100,0;61,78;82,61
KYFFLY;72,01;57,48;58,64;75,55;100,0;62,71;82,61
KYFFLYKK;78,12;58,48;60,78;81,89;100,0;65,79;82,61
KYFFQY;69,14;57,42;57,52;61,41;100,0;61,36;49,28
KYFLFFYY;78,77;58,92;61,63;85,14;100,0;66,44;84,06
KYFLFFYYKK;80,19;59,32;61,41;87,31;100,0;66,97;82,61
KYFLFFYYRR;80,25;59,57;61,56;87,24;100,0;67,13;82,61
KYFNYQGQY;74,28;60,42;61,32;40,09;100,0;65,34;28,99
KYFNYQGQYKK;78,57;60,89;61,6;42,95;100,0;67,02;39,13
KYLFFQTY;77,98;59,1;61,22;81,57;100,0;66,1;56,52
NQYYQN;41,13;58,15;53,18;24,24;66,67;50,82;11,59
NYQGQY;40,5;58,02;48,81;23,94;33,33;49,11;7,25
YFLQY;72,08;56,57;52,52;69,68;100,0;60,39;36,23
YYLFF;73,24;56,74;54,75;77,7;100,0;61,57;76,81
YYLFFKK;78,47;57,78;59,96;81,53;100,0;65,41;76,81
YYLFFNYQGQTNGY;81,42;61,56;62,03;90,69;100,0;68,34;73,91
YYNQQNY;60,38;59,03;55,91;27,44;100,0;58,44;8,7
