sequences;labels;seeds;AP;SP;AP-SP;
AAAAAAAAAAAARR;SA;879273778;0,79228127;0,95756423;0,9395482
AAAAAAD;SA;879273778;0,5873664;0,96166146;0,8049317
AAAAAAK;SA;879273778;0,7908523;0,99005985;0,9674654
AAKAAAKAAAKAAAKA;SA;879273778;0,83174604;0,9585382;0,9615878
AASGHADAA;NSA;879273778;0,7417425;0,5541673;0,6018375
AAVVLLLW;SA;879273778;0,44683343;0,8016806;0,71451485
AAVVLLLWEE;SA;879273778;0,9287857;0,9958507;0,9970501
AAVVLLLWEEEEEEE;SA;879273778;0,7531296;0,97447234;0,94604516
AEAEAEAEAKAKAKAK;SA;879273778;0,8228515;0,989717;0,97817624
AEAEAKAKAEAEAKAK;SA;879273778;0,53711176;0,8175903;0,7528051
AENGKS;NSA;879273778;0,5058037;0,30352172;0,14567946
AGAHASADA;NSA;879273778;0,7838633;0,65798056;0,60407364
AILSS;SA;879273778;0,86443305;0,98873407;0,95662266
AIVAGD;SA;879273778;0,7107437;0,965682;0,9570044
AIVAGS;SA;879273778;0,63476044;0,8832213;0,86683494
AIVAGT;SA;879273778;0,69499964;0,9453104;0,94511986
ATVIIE;SA;879273778;0,68519163;0,87282056;0,86683446
CEIEIQI;SA;879273778;0,8423174;0,9890154;0,9945096
CEIEIQINM;SA;879273778;0,46532768;0,9502261;0,9135024
CEIEIQINMWQ;SA;879273778;0,7055143;0,96304846;0,9393301
CKAKAQA;SA;879273778;0,8407695;0,9727598;0,9583814
CKAKAQANM;SA;879273778;0,65806484;0,41180322;0,8607246
CKAKAQANMWQ;SA;879273778;0,61469233;0,88351387;0,68470216
CKFKFQF;SA;879273778;0,74674726;0,96990323;0,98191714
CKFKFQFNM;SA;879273778;0,9654185;0,85758436;0,9901806
CKFKFQFNMWQ;SA;879273778;0,490779;0,96736026;0,8056185
CKIKIQI;SA;879273778;0,97464055;0,99207354;0,9994753
CKIKIQIN;SA;879273778;0,67293835;0,9914924;0,9826291
CKIKIQINMWQ;SA;879273778;0,532246;0,8504008;0,91219616
CKIKQII;SA;879273778;0,91710174;0,9921157;0,9870144
CKIKQIINM;SA;879273778;0,78285587;0,69140357;0,6836421
CKIKQIINMWQ;SA;879273778;0,95248944;0,9924413;0,99936104
CSISIQI;SA;879273778;0,46286958;0,22253898;0,15692613
CSISIQINM;SA;879273778;0,9295787;0,9858217;0,94651324
DFY;SA;879273778;0,764339;0,9236297;0,9774882
DIEVDL;NSA;879273778;0,5024722;0,96136934;0,95003855
DLLKNG;NSA;879273778;0,4240344;0,5165625;0,27442908
DPDPD;NSA;879273778;0,44216555;0,063524954;0,06719101
DTVIIE;SA;879273778;0,5103054;0,43771687;0,18363683
EALYLV;NSA;879273778;0,5683793;0,6710526;0,5740138
EFFAAE;SA;879273778;0,81748307;0,9883253;0,98973364
EHSDLS;NSA;879273778;0,46568388;0,5246097;0,20091352
EKDEYA;NSA;879273778;0,44578403;0,18389018;0,2567072
EPYYK;NSA;879273778;0,6331536;0,28914648;0,14197768
ERGFFY;NSA;879273778;0,3532147;0,20033096;0,15895142
ERIEKV;NSA;879273778;0,38262805;0,06116691;0,27671126
ETVIIE;SA;879273778;0,548462;0,49944502;0,23018758
EVDLLK;NSA;879273778;0,70305985;0,80663764;0,61290747
FAGFT;SA;879273778;0,32889166;0,011265165;0,08830495
FFALGLAGKK;SA;879273778;0,9417711;0,99739623;0,9964455
FFEKF;SA;879273778;0,9477042;0,98909795;0,9871544
FFGAAGLDGD;SA;879273778;0,91043586;0,98260623;0,96488404
FFGAAGLKGK;SA;879273778;0,9542931;0,98085564;0,9604736
FFGALGLDGD;SA;879273778;0,77361923;0,372962;0,85336244
FFGALGLKGK;SA;879273778;0,40763706;0,7462025;0,52751124
FFGPAGLDGD;SA;879273778;0,8406911;0,9704044;0,9874708
FFGPAGLKGK;SA;879273778;0,9942647;0,9589033;0,9242481
FFGPLGLDGD;SA;879273778;0,9034675;0,9989024;0,99607384
FFGPLGLKGK;SA;879273778;0,9964857;0,97079766;0,9346485
FFKLVFF;SA;879273778;0,5690972;0,8307105;0,89044
FFPLGLAGDD;SA;879273778;0,9257629;0,99827564;0,9976227
FFPLGLAGKK;SA;879273778;0,82111835;0,9519557;0,94482625
FFSGHFDFF;SA;879273778;0,7762227;0,9704186;0,96774745
FFVDF;SA;879273778;0,48489437;0,74027395;0,8094255
FFVLK;SA;879273778;0,9296738;0,95306236;0,994963
FFYTPK;NSA;879273778;0,29092577;0,008939767;0,057248738
FGAIL;SA;879273778;0,8969482;0,9908033;0,98910695
FGFDP;SA;879273778;0,5437425;0,21422721;0,3066192
FGFHFSFDF;SA;879273778;0,8730318;0,98115283;0,9843819
FHPSDI;NSA;879273778;0,5064604;0,20239073;0,13734931
FKFEF;SA;879273778;0,77441317;0,92851996;0,86586154
FKFEFKFE;SA;879273778;0,5302189;0,24657525;0,078565404
FKFEFKFEFKFE;SA;879273778;0,62257016;0,92299736;0,9828441
FKIDF;SA;879273778;0,509609;0,9016163;0,635499
FLVHSS;SA;879273778;0,8385676;0,98563355;0,9805491
FSKDWS;NSA;879273778;0,45979995;0,11538203;0,07293088
FTISD;SA;879273778;0,5863611;0,8869462;0,48791552
FTPTEK;NSA;879273778;0,32378733;0,15335312;0,18130961
FTVIIE;SA;879273778;0,55098563;0,2606278;0,19499578
FVNQHL;NSA;879273778;0,4330076;0,83843166;0,9326542
FYLLYY;SA;879273778;0,8517003;0,9899911;0,937243
FYTPKT;NSA;879273778;0,44658133;0,54616374;0,2964511
GAIL;SA;879273778;0,8543795;0,95529985;0,98401046
GAVILRR;SA;879273778;0,76127636;0,3967922;0,4980852
GERGFF;NSA;879273778;0,4901013;0,9354489;0,67760015
GFFL;SA;879273778;0,8799809;0,98876816;0,9979475
GFFLG;SA;879273778;0,8160606;0,98475695;0,9479615
GFFLGLDD;SA;879273778;0,28956738;0,13490751;0,18017045
GFFYTP;NSA;879273778;0,57066774;0,13026382;0,2533147
GFIL;SA;879273778;0,7404936;0,9868533;0,9685876
GGGAAAVVVIIIKKK;SA;879273778;0,8826481;0,9746207;0,986669
GGGGDD;SA;879273778;0,92799765;0,991015;0,95814294
GGGGGGDD;SA;879273778;0,44226152;0,7692784;0,34533796
GGGGGGGGDD;SA;879273778;0,9263758;0,9865719;0,996608
GGGGGGGGGGDD;SA;879273778;0,5592918;0,6559304;0,73890364
GGVVIA;SA;879273778;0,9406918;0,9934346;0,9961886
GNNQQNY;SA;879273778;0,89250416;0,9765018;0,9595118
GSHLVE;NSA;879273778;0,2682322;0,0203441;0,05066159
GTVIIE;SA;879273778;0,5723333;0,09704778;0,1732923
GYGYGYG;SA;879273778;0,8655752;0,9916052;0,9920298
HLVEAL;NSA;879273778;0,6643845;0,68825626;0,8888888
HPAENG;NSA;879273778;0,34965083;0,24176072;0,30273545
IEKVEH;NSA;879273778;0,36353225;0,4278399;0,30027175
IID;SA;879273778;0,61057985;0,7751078;0,9758201
IIIIIIKK;SA;879273778;0,9888322;0,51108885;0,70255303
IIIK;SA;879273778;0,5011567;0,5042136;0,67061347
IIIVVVAAAGGGKKK;SA;879273778;0,82571256;0,982275;0,9616621
IKVAV;SA;879273778;0,71221405;0,9796773;0,9913963
ILVAGD;SA;879273778;0,7431151;0,97313523;0,96916413
ILVAGS;SA;879273778;0,7916671;0,99092364;0,9920747
INHVGGTGGAIMAPVAVTRQLVGS;SA;879273778;0,6750806;0,9839392;0,9691183
IQRTPK;NSA;879273778;0,44260097;0,04336815;0,040619906
IQVYSR;NSA;879273778;0,8696005;0,9954607;0,96859145
ISDNL;SA;879273778;0,7025166;0,9897261;0,9738861
ITSVV;SA;879273778;0,85118407;0,9831449;0,98732525
ITVIIE;SA;879273778;0,9935877;0,9993136;0,9881672
IVAD;SA;879273778;0,7972762;0,9648912;0,97223693
IVD;SA;879273778;0,77479786;0,99745816;0,9981854
KAAGG;NSA;879273778;0,4186124;0,15772077;0,11307469
KAKAQA;SA;879273778;0,93135035;0,98791695;0,99732107
KAKAQAN;SA;879273778;0,5046751;0,49167436;0,30984598
KAKAQANMWQ;SA;879273778;0,553702;0,7287306;0,22202536
KASAKAEAKAEAKASA;SA;879273778;0,83082956;0,9889536;0,96384317
KDHFY;NSA;879273778;0,42883238;0,5099668;0,2923842
KDPYY;NSA;879273778;0,34841993;0,21765909;0,18719013
KDWSFY;SA;879273778;0,8369302;0,9775718;0,9813546
KFAFD;SA;879273778;0,6842451;0,28987214;0,705907
KFFAAK;SA;879273778;0,3491106;0,112627365;0,20741667
KFFDY;SA;879273778;0,53273946;0,5898669;0,66502374
KFFFE;SA;879273778;0,40839165;0,9063912;0,8944731
KFG;SA;879273778;0,90533185;0,99160165;0,9754196
KFKFQF;SA;879273778;0,56491315;0,796609;0,5473551
KFKFQFN;SA;879273778;0,7995524;0,975266;0,9212204
KFKFQFNMWQ;SA;879273778;0,97607505;0,9281278;0,9635902
KIKIQI;NSA;879273778;0,527502;0,39203438;0,3088991
KIKIQINM;SA;879273778;0,99061;0,99763954;0,9982374
KIKIQINMWQ;SA;879273778;0,4814202;0,85426337;0,9513595
KIKQII;NSA;879273778;0,49225634;0,02622184;0,25623792
KIKQIINM;SA;879273778;0,90174896;0,99813825;0,9936787
KIKQIINMWQ;SA;879273778;0,690603;0,29502502;0,3400149
KIVKWD;SA;879273778;0,68954843;0,6576771;0,47416303
KKFDD;NSA;879273778;0,6671384;0,30878836;0,20365341
KKKAAAIIIGGGVVV;SA;879273778;0,35779512;0,17542945;0,19950303
KKKGGGAAAVVVIII;SA;879273778;0,80287445;0,9820616;0,9779335
KKKIIIVVVAAAGGG;SA;879273778;0,50471354;0,73427707;0,82795143
KKSLSLSLSLSLSLKK;SA;879273778;0,55639136;0,6854647;0,8581417
KLDLKLDLKLDL;SA;879273778;0,98128706;0,8189752;0,9270582
KLVFF;SA;879273778;0,8442619;0,78970486;0,80430746
KLVFFAE;SA;879273778;0,9597975;0,9994342;0,9916459
KSNFLN;NSA;879273778;0,4603744;0,46915093;0,19624208
KTVIIE;NSA;879273778;0,49248442;0,19029874;0,13078918
KTVIIT;NSA;879273778;0,56815016;0,1012825;0,24259828
KTVIVE;NSA;879273778;0,42069077;0,16047929;0,18128899
KTVIYE;NSA;879273778;0,7222286;0,8054923;0,47564992
KTVLIE;NSA;879273778;0,72433996;0,3310914;0,8799572
KVEHSD;NSA;879273778;0,74382013;0,66972864;0,57635367
KVKVK;NSA;879273778;0,5543677;0,40390986;0,34461322
KWDRDM;NSA;879273778;0,75196564;0,5179914;0,66081184
KWEFY;SA;879273778;0,4586627;0,766515;0,8977215
KWMDF;SA;879273778;0,5946101;0,97567254;0,94462264
KYF;SA;879273778;0,647024;0,9940323;0,9841254
LAVAGD;SA;879273778;0,752223;0,981378;0,79936403
LDFPI;SA;879273778;0,6400174;0,77384496;0,7479074
LFF;SA;879273778;0,7773363;0,97846127;0,9782003
LIAGFN;NSA;879273778;0,57207733;0,95063734;0,8392284
LIVAAD;SA;879273778;0,70994323;0,98527867;0,9844445
LIVAD;SA;879273778;0,8808216;0,9001652;0,988933
LIVAGD;SA;879273778;0,7106766;0,9882731;0,9770702
LIVAGE;SA;879273778;0,7974189;0,8889184;0,9544832
LIVAGK;SA;879273778;0,8647666;0,5923875;0,89853644
LIVAGS;SA;879273778;0,41384828;0,34341913;0,09638805
LIVAGT;SA;879273778;0,8879121;0,9933388;0,98699504
LIVGD;SA;879273778;0,9332268;0,98468083;0,94974005
LKNGER;NSA;879273778;0,61601096;0,044546504;0,18323636
LLLLLLDD;SA;879273778;0,89695;0,98788893;0,99662364
LLLLLLKK;SA;879273778;0,8780442;0,9770286;0,96837825
LLYYTE;SA;879273778;0,8375819;0,80951744;0,882682
LSFSKD;NSA;879273778;0,7964054;0,79083127;0,7044772
LSQPKI;NSA;879273778;0,42978445;0,39573812;0,19147725
LTVIIE;SA;879273778;0,68118113;0,6360664;0,3330921
LVEALY;SA;879273778;0,78218186;0,8115717;0,9757688
LYQLEN;SA;879273778;0,8185169;0,9281373;0,92161846
MEMEMKMKMEMEMKMK;SA;879273778;0,9670088;0,96715283;0,99120384
MKFKFQF;SA;879273778;0,59620696;0,14351274;0,23857678
MKIKIQI;SA;879273778;0,77746576;0,9667874;0,9852023
MTVIIE;SA;879273778;0,50528187;0,21243809;0,25289732
NFGAIL;SA;879273778;0,6069783;0,940185;0,91143936
NFGSVQ;SA;879273778;0,70438427;0,98998845;0,97236127
NGERIE;NSA;879273778;0,38499776;0,31431305;0,19767888
NGKSNF;NSA;879273778;0,7770925;0,6483431;0,65297073
NHVTLS;SA;879273778;0,8395533;0,96765256;0,9567269
NININI;SA;879273778;0,79416627;0,98514515;0,9745064
NLGPVL;NSA;879273778;0,63336706;0,9781898;0,9593906
NNQQNY;SA;879273778;0,6856774;0,89792395;0,7982339
NNVVNY;SA;879273778;0,78788567;0,9800693;0,9991337
NTVIIE;SA;879273778;0,71095395;0,7248279;0,6266717
NVQVVY;SA;879273778;0,8370007;0,9924776;0,9751217
NVVQIY;SA;879273778;0,89516664;0,99277335;0,9895581
NVVVVY;SA;879273778;0,6752663;0,98497975;0,96352255
NYNNYN;SA;879273778;0,37173462;0,29894888;0,54623866
NYNYNYN;SA;879273778;0,87165654;0,9880255;0,92485327
PFTTR;NSA;879273778;0,6611032;0,29895937;0,19892687
PKIQVY;NSA;879273778;0,6573549;0,9500962;0,7143216
PLVKA;NSA;879273778;0,8009982;0,96107244;0,9843979
PPPHY;NSA;879273778;0,43913585;0,06526999;0,11208993
PPPPPPPPPPRKKRRQRRR;SA;879273778;0,83843446;0,9905143;0,98565596
PPPPPPPPPPRRR;SA;879273778;0,8690412;0,9664663;0,9796486
PRFRFRFRF;SA;879273778;0,6162192;0,9566387;0,8752309
PSDIEV;NSA;879273778;0,6594758;0,10384133;0,42677808
PTEKDE;NSA;879273778;0,35573342;0,07116888;0,079584636
PTPCY;NSA;879273778;0,82642365;0,9951368;0,9917117
PTVIIE;NSA;879273778;0,7305343;0,2803824;0,29355803
QEIARLEQEIARLEYEIARLE;SA;879273778;0,89715594;0,9958981;0,9645917
QIMRW;NSA;879273778;0,8815345;0,20133135;0,23592979
QMAVHV;SA;879273778;0,75736785;0,93327403;0,89533323
QPKIVK;NSA;879273778;0,64967656;0,037200462;0,22928807
QQEFQWQFRQQ;SA;879273778;0,7058082;0,91076756;0,9948447
QTVIIE;SA;879273778;0,54094964;0,5706429;0,21303923
QYQQYQ;SA;879273778;0,44175148;0,8000503;0,44244176
QYQYQYQ;SA;879273778;0,8012568;0,9859299;0,9806437
RADARADARADARADA;SA;879273778;0,95422274;0,99800617;0,9958877
RADARADFRADARADA;SA;879273778;0,6731245;0,49654603;0,86545825
RADFRADARADARADA;SA;879273778;0,5883462;0,55300814;0,38985592
RARADADARARADADA;SA;879273778;0,54836196;0,9898335;0,97097015
RATARAEARATARAEA;SA;879273778;0,4966584;0,7700376;0,35875735
RATARAEFRATARAEA;SA;879273778;0,7211894;0,98705524;0,9539424
RFRFRFRF;SA;879273778;0,9445588;0,9841657;0,9693835
RGFFYT;NSA;879273778;0,71150887;0,19634311;0,36081824
RITTR;NSA;879273778;0,5346583;0,916574;0,9454337
RITWI;NSA;879273778;0,31504294;0,9271186;0,7399131
RTPKIQ;NSA;879273778;0,35922402;0,20655349;0,23289017
RVNHVT;NSA;879273778;0,36713842;0,020069387;0,08887026
RVSVD;NSA;879273778;0,446067;0,17832148;0,046888612
RWLDY;SA;879273778;0,62529147;0,41534045;0,63009924
SAEAKAEAKAEASAEA;SA;879273778;0,59796226;0,26379007;0,13994075
SAVIIE;SA;879273778;0,7566955;0,76044786;0,92068774
SDLSFS;NSA;879273778;0,5776197;0,112157516;0,19731647
SDVIIE;SA;879273778;0,82976246;0,9584542;0,98530054
SEVIIE;SA;879273778;0,6423907;0,6256707;0,5349166
SFSFSF;SA;879273778;0,522005;0,87253296;0,6991916
SFVIIE;SA;879273778;0,69441926;0,60797167;0,5388262
SGFHPS;NSA;879273778;0,40624207;0,10886097;0,1767682
SGVIIE;SA;879273778;0,7663841;0,68270373;0,6492758
SHLVEA;NSA;879273778;0,74704236;0,98074704;0,918963
SIVIIE;SA;879273778;0,71673375;0,8050038;0,8467269
SLVIIE;SA;879273778;0,9136925;0,9968251;0,990448
SLYQLE;NSA;879273778;0,527962;0,28972113;0,34663245
SMVIIE;SA;879273778;0,7615448;0,6723599;0,7091308
SNVIIE;SA;879273778;0,85370386;0,988777;0,9746047
SPVIIE;NSA;879273778;0,7459612;0,78269166;0,85978633
SQVIIE;SA;879273778;0,8294656;0,8858883;0,8656269
SRHPAE;NSA;879273778;0,4947678;0,21030994;0,22911866
SSTSAA;SA;879273778;0,7704677;0,80359375;0,8112519
SSVIIE;SA;879273778;0,6568201;0,7918374;0,74577683
STAIIE;NSA;879273778;0,6652718;0,12910277;0,24734639
STDIIE;NSA;879273778;0,8100327;0,86129427;0,81631184
STEIIE;SA;879273778;0,51417947;0,35166872;0,22591364
STFIIE;SA;879273778;0,72050786;0,65048105;0,76674736
STGIIE;NSA;879273778;0,63745934;0,766931;0,31407434
STIIIE;NSA;879273778;0,7020973;0,27882096;0,5201006
STLIIE;SA;879273778;0,5967519;0,40156308;0,21103555
STMIIE;NSA;879273778;0,47759706;0,65281814;0,36437926
STNIIE;SA;879273778;0,85167277;0,9596246;0,93571925
STPIIE;NSA;879273778;0,5940623;0,15717812;0,22626911
STQIIE;SA;879273778;0,7599959;0,88768643;0,76846874
STSIIE;SA;879273778;0,85619175;0,93211484;0,98738575
STTIIE;NSA;879273778;0,57525975;0,29031873;0,1770666
STVAIE;NSA;879273778;0,5793272;0,5392605;0,31626543
STVDIE;NSA;879273778;0,69938093;0,48182398;0,45114696
STVEIE;SA;879273778;0,88680494;0,93845624;0,9303264
STVFIE;SA;879273778;0,9406145;0,9890476;0,9969842
STVGIE;NSA;879273778;0,53007656;0,11902533;0,25088707
STVIAE;NSA;879273778;0,6149319;0,08897307;0,10431791
STVIDE;NSA;879273778;0,37521708;0,13210173;0,56795466
STVIEE;NSA;879273778;0,83725667;0,1444085;0,3402382
STVIFE;SA;879273778;0,8543007;0,9442627;0,89179087
STVIGE;NSA;879273778;0,71915466;0,5653839;0,64544195
STVIIA;SA;879273778;0,6418849;0,8100567;0,7068048
STVIID;SA;879273778;0,7644087;0,6237029;0,8289529
STVIIE;SA;879273778;0,82053053;0,81883234;0,7445579
STVIIF;SA;879273778;0,6406959;0,6187066;0,73583114
STVIII;SA;879273778;0,8586905;0,9520238;0,841062
STVIIL;SA;879273778;0,8382227;0,897337;0,96402967
STVIIM;SA;879273778;0,84485596;0,95532286;0,9239594
STVIIN;SA;879273778;0,82950467;0,93536127;0,909206
STVIIP;NSA;879273778;0,62683207;0,07686586;0,096627995
STVIIQ;SA;879273778;0,8953532;0,9485161;0,92796797
STVIIS;SA;879273778;0,89087856;0,9334991;0,923721
STVIIT;SA;879273778;0,77778345;0,8114275;0,5823362
STVIIV;SA;879273778;0,6528722;0,6331312;0,67808
STVIIW;SA;879273778;0,7452279;0,64647657;0,59882593
STVIIY;SA;879273778;0,7042017;0,53406775;0,75036436
STVILE;NSA;879273778;0,54549384;0,22315466;0,17079318
STVIME;NSA;879273778;0,67294854;0,17080669;0,44078022
STVINE;NSA;879273778;0,66015434;0,2727563;0,6173836
STVIPE;NSA;879273778;0,76053506;0,6242662;0,61959064
STVIQE;NSA;879273778;0,66193193;0,7256169;0,5754953
STVISE;NSA;879273778;0,45915815;0,73569477;0,20632254
STVITE;NSA;879273778;0,6586199;0,9442576;0,82119673
STVIVE;NSA;879273778;0,5396381;0,13933854;0,2893468
STVIWE;NSA;879273778;0,42533004;0,124096766;0,23578031
STVIYE;SA;879273778;0,69640756;0,86245406;0,7325077
STVLIE;SA;879273778;0,88383645;0,99410796;0,9628311
STVMIE;NSA;879273778;0,5701648;0,041014735;0,083357185
STVNIE;SA;879273778;0,77131134;0,42070726;0,8862302
STVPIE;NSA;879273778;0,6636402;0,90288746;0,5831666
STVQIE;NSA;879273778;0,99066514;0,99440634;0,9746938
STVSIE;NSA;879273778;0,6796839;0,17536773;0,2039172
STVTIE;SA;879273778;0,8133768;0,475885;0,49065885
STVVIE;NSA;879273778;0,63300276;0,92625135;0,9323783
STVWIE;SA;879273778;0,7150627;0,72961307;0,43795684
STVYIE;SA;879273778;0,7336145;0,9453454;0,72558135
STYIIE;NSA;879273778;0,6198144;0,1488506;0,10199135
SVVIIE;SA;879273778;0,64351445;0,20103905;0,20882289
SWVIIE;NSA;879273778;0,6557108;0,2178912;0,88641983
SYCGY;SA;879273778;0,6397307;0,9938901;0,9840053
SYSSYS;SA;879273778;0,8113141;0,9775608;0,9899981
SYSYSYS;SA;879273778;0,8188348;0,98222524;0,9911661
SYVIIE;SA;879273778;0,8342594;0,9452787;0,89335024
TEFTPT;NSA;879273778;0,6894544;0,17210416;0,51835364
TGTHTSTDT;NSA;879273778;0,65955776;0,25111425;0,1656014
TTSGHTDTT;NSA;879273778;0,37878144;0,15064;0,14586604
TTVIIE;SA;879273778;0,64973736;0,27859345;0,2286328
VEALYL;SA;879273778;0,5841085;0,40496886;0,31405652
VEVE;SA;879273778;0,9606132;0,9961204;0,9911709
VKVEV;SA;879273778;0,77871317;0,943872;0,95318604
VKVFF;SA;879273778;0,61406684;0,9747332;0,9508022
VKVKV;NSA;879273778;0,3307206;0,061539926;0,0904507
VKVKVKVK;NSA;879273778;0,6389046;0,91960526;0,91720045
VKVKVKVKVDPPTKVEVKVKV;NSA;879273778;0,7843673;0,60520256;0,63690674
VKVKVKVRVPPTRVKVKVKV;SA;879273778;0,8852036;0,9944527;0,98912936
VKVKVRVRVPPTRVRVKVKV;SA;879273778;0,75844073;0,9642016;0,69386524
VKVRVRVRVPPTRVRVRVKV;SA;879273778;0,40652508;0,88493;0,80133235
VKWDRD;NSA;879273778;0,35334983;0,25468263;0,19295463
VQIVYK;SA;879273778;0,4448424;0,22803277;0,24466152
VRVRVRVRVPPTRVRVRVRV;SA;879273778;0,6371775;0,9755636;0,8770736
VTLSQP;NSA;879273778;0,51359504;0,24530753;0,15577658
VTVIIE;SA;879273778;0,79120827;0,9153637;0,88753664
VVEE;SA;879273778;0,8837186;0,9854886;0,98266375
VVVGGGIIIAAAKKK;SA;879273778;0,59259003;0,3044612;0,16540223
VVVVV;SA;879273778;0,8536633;0,9821964;0,97789294
VVVVVVD;SA;879273778;0,98828316;0,9949804;0,9945048
VVVVVVDD;SA;879273778;0,51477504;0,14872426;0,44843966
VVVVVVK;SA;879273778;0,7224809;0,9682119;0,97811395
VVVVVVKK;SA;879273778;0,8379567;0,9931016;0,9910942
VYSRHP;NSA;879273778;0,43337578;0,054396078;0,085212454
WKPYY;NSA;879273778;0,42489135;0,079989314;0,11509412
WRWRWR;SA;879273778;0,568788;0,9837248;0,95177233
WRWRWRWR;SA;879273778;0,75465566;0,95810467;0,99200416
WRWRWRWRWR;SA;879273778;0,61003864;0,8858337;0,94884026
WSFYLL;NSA;879273778;0,32945335;0,030807989;0,11092532
WTVIIE;SA;879273778;0,82177377;0,3589942;0,4847079
WVNAKQYWRILKRRW;SA;879273778;0,9530745;0,9741062;0,93369484
YDPKY;NSA;879273778;0,4089474;0,043607023;0,17495538
YEPYK;NSA;879273778;0,38509747;0,22607583;0,12376433
YFCFY;SA;879273778;0,90638715;0,9985575;0,98952264
YFTEF;SA;879273778;0,720364;0,98129225;0,92626035
YQLENY;NSA;879273778;0,36353984;0,58165586;0,82118803
YTEYK;NSA;879273778;0,4457685;0,08970356;0,227376
YTIAALLSPYS;SA;879273778;0,71612257;0,2660209;0,22964677
YTVIIE;SA;879273778;0,76677537;0,94735396;0,9905042
YVIFL;SA;879273778;0,5774538;0,93161154;0,92220014
YVNAKQYYRILKRRY;SA;879273778;0,53248125;0,9699844;0,95359033
YVSGFH;NSA;879273778;0,42326355;0,035874;0,16283293
YVVFL;SA;879273778;0,39591864;0,6781112;0,55993783
YVVFV;SA;879273778;0,6602302;0,9826783;0,97829926
YYACAYY;SA;879273778;0,6531221;0,9419255;0,9518658
YYTEFT;NSA;879273778;0,6398886;0,3243724;0,5177385
